{
    "loss": 1.2774287462234497,
    "accuracy": 0.9396551847457886
}