{
    "loss": 2.4718573093414307,
    "accuracy": 0.8620689511299133
}