{
    "loss": 5.64156436920166,
    "accuracy": 0.8017241358757019
}